{
    "train": {
        "loss": [
            1.4229912081
        ],
        "accuracy": [
            0.812
        ],
        "precision": [
            0.3347795758
        ],
        "recall": [
            0.7217186068
        ],
        "f1": [
            0.2677621831
        ],
        "confusion_matrix": [
            [
                [
                    749,
                    63,
                    58,
                    55
                ],
                [
                    68,
                    933,
                    72,
                    72
                ],
                [
                    78,
                    81,
                    1042,
                    79
                ],
                [
                    69,
                    77,
                    78,
                    960
                ]
            ]
        ],
        "confusion_matrix_norm": [
            [
                [
                    0.8094,
                    0.0684,
                    0.0623,
                    0.0599
                ],
                [
                    0.0592,
                    0.8145,
                    0.0633,
                    0.063
                ],
                [
                    0.0608,
                    0.0636,
                    0.8135,
                    0.062
                ],
                [
                    0.0581,
                    0.0651,
                    0.0661,
                    0.8108
                ]
            ]
        ]
    },
    "validation": {
        "loss": [
            1.0058211505
        ],
        "accuracy": [
            0.8113
        ],
        "precision": [
            0.3968351039
        ],
        "recall": [
            0.7281069105
        ],
        "f1": [
            0.2654589309
        ],
        "confusion_matrix": [
            [
                [
                    668,
                    51,
                    56,
                    50
                ],
                [
                    82,
                    894,
                    62,
                    68
                ],
                [
                    103,
                    88,
                    1261,
                    99
                ],
                [
                    114,
                    119,
                    117,
                    1525
                ]
            ]
        ],
        "confusion_matrix_norm": [
            [
                [
                    0.8103,
                    0.0622,
                    0.0673,
                    0.0601
                ],
                [
                    0.0738,
                    0.809,
                    0.0558,
                    0.0615
                ],
                [
                    0.0661,
                    0.0568,
                    0.8129,
                    0.0641
                ],
                [
                    0.061,
                    0.0634,
                    0.0625,
                    0.813
                ]
            ]
        ]
    },
    "additional_information": {
        "Epoch": 5,
        "Lr": 0.00012,
        "Class_names": [
            "0-12",
            "13-25",
            "26-60",
            "60+"
        ]
    }
}